,our setup,Set I,Set II,Set III,Set IV,Set V
A1,2.986421442,2.257396572,2.239417988,2.440490606,2.704370607,2.178710956
A2,1.620455982,1.005763427,2.447762554,1.885650977,1.62238977,2.801966261
A3,1.132668735,1.367170818,1.525683664,1.881550597,2.901639021,1.668000037
A4,1.340405359,0.859605979,0.828395376,2.629297977,2.754542181,0.014302061
A5,5.370311417,3.812910245,6.557821293,6.332115966,5.069846978,5.171114588
A6,0.706774543,2.045650403,1.976966748,1.534952329,0.922427356,1.75841396
A7,5.644264713,3.90837496,5.24297862,4.991299921,5.722727701,5.207915773
A8,1.198697809,6.743127595,5.180973758,6.304641626,2.302056385,5.199576365
